microRNA,R_squared
hsa-miR-200c-3p,0.950332794266537
hsa-miR-141-3p,0.947417258158207
hsa-miR-141-5p,0.946237225802703
hsa-miR-373-5p,0.941666200679741
hsa-miR-302b-3p,0.941011132639313
hsa-miR-200c-5p,0.939612960385896
hsa-miR-122-3p,0.938643052425572
hsa-miR-205-5p,0.936269163354897
hsa-miR-302a-3p,0.932540479514283
hsa-miR-302a-5p,0.93250925403531
hsa-miR-200b-3p,0.93134150720946
hsa-miR-302d-3p,0.930875672907946
hsa-miR-194-5p,0.925016709725388
hsa-miR-122-5p,0.924752296653911
hsa-miR-200a-5p,0.92452320454468
hsa-miR-200a-3p,0.923685729149969
hsa-miR-429,0.921263643486605
hsa-miR-194-3p,0.920976760742494
hsa-miR-302c-3p,0.916927239713533
hsa-miR-192-5p,0.915659874981782
hsa-miR-302c-5p,0.914473088423936
hsa-miR-21-5p,0.914427612237216
hsa-miR-375-3p,0.913980322969333
hsa-miR-944,0.913581571523828
hsa-miR-371a-5p,0.912528900110251
hsa-miR-372-5p,0.910613766663348
hsa-miR-192-3p,0.910288011698944
hsa-miR-200b-5p,0.907072946721445
hsa-miR-371a-3p,0.906495319799336
hsa-miR-142-3p,0.902186665535219
hsa-miR-92a-3p,0.900763863513409
hsa-miR-142-5p,0.900384567153215
hsa-miR-373-3p,0.899383798356481
hsa-miR-211-5p,0.89769838802674
hsa-miR-203a-3p,0.894901200312313
hsa-miR-21-3p,0.890651600032295
hsa-miR-205-3p,0.884373426974393
hsa-miR-22-3p,0.875698699728395
hsa-miR-146a-5p,0.872955411540927
hsa-miR-374a-3p,0.872083362282167
hsa-miR-199b-5p,0.867956582763369
hsa-miR-19b-3p,0.867393943156029
hsa-miR-302d-5p,0.863376304745689
hsa-miR-15b-5p,0.86249328496811
hsa-miR-215-5p,0.86229905097716
hsa-miR-101-3p,0.862222346734622
hsa-miR-29b-3p,0.862173895969791
hsa-miR-17-5p,0.861947863793191
hsa-miR-7-2-3p,0.860387077312423
hsa-miR-29c-3p,0.8603833292173
hsa-miR-18a-5p,0.858773301636281
hsa-miR-130b-3p,0.858729847748747
hsa-miR-30a-5p,0.856791189658256
hsa-miR-367-3p,0.85668235427552
hsa-miR-20a-5p,0.854794784191014
hsa-miR-183-5p,0.852753929977754
hsa-miR-199a-3p,0.851249394811924
hsa-miR-92b-3p,0.851045187362255
hsa-miR-143-3p,0.848695214352635
hsa-miR-135b-5p,0.847170457005804
hsa-miR-126-5p,0.845885082594602
hsa-miR-551b-5p,0.845845690019353
hsa-miR-199b-3p,0.845695659411509
hsa-miR-145-3p,0.843523751432717
hsa-miR-197-3p,0.843002769242698
hsa-miR-148a-3p,0.842711257220679
hsa-miR-342-5p,0.842521284311803
hsa-miR-203b-3p,0.842304219269383
hsa-miR-149-5p,0.842137108836686
hsa-miR-378a-3p,0.841933302622949
hsa-miR-125a-5p,0.841391417778627
hsa-miR-1180-3p,0.839266553143813
hsa-miR-155-5p,0.838005935919669
hsa-miR-584-5p,0.837996914223505
hsa-miR-182-5p,0.837829211358937
hsa-miR-885-5p,0.836755379262518
hsa-miR-625-3p,0.836690221158485
hsa-miR-96-5p,0.83580324680561
hsa-miR-1307-3p,0.835624866338855
hsa-miR-181a-5p,0.835557387089388
hsa-miR-106b-5p,0.835470634583261
hsa-miR-328-3p,0.83415237555993
hsa-miR-223-3p,0.83399422156898
hsa-miR-30a-3p,0.833888561749034
hsa-miR-1301-3p,0.833071329436954
hsa-miR-30e-5p,0.832042605512649
hsa-miR-92a-1-5p,0.831588791442271
hsa-miR-30d-5p,0.831386013612037
hsa-miR-378a-5p,0.831306289634489
hsa-miR-146b-3p,0.829906516811037
hsa-miR-181b-5p,0.828226197924682
hsa-miR-106b-3p,0.827961397230682
hsa-miR-221-3p,0.827941749747375
hsa-miR-125b-5p,0.827940980741584
hsa-miR-455-5p,0.827671720676824
hsa-miR-181b-3p,0.826551166844146
hsa-miR-18a-3p,0.826424508047152
hsa-miR-4677-3p,0.82598091653951
hsa-miR-30c-2-3p,0.825949402180926
hsa-miR-942-5p,0.821775494750464
hsa-let-7c-5p,0.821581529930761
hsa-miR-937-3p,0.820265912711601
hsa-miR-361-5p,0.819901527139336
hsa-miR-222-3p,0.819481972872471
hsa-miR-17-3p,0.819403946396191
hsa-miR-185-5p,0.819154357837633
hsa-miR-324-3p,0.818340068602798
hsa-miR-130b-5p,0.818259091581439
hsa-miR-15a-5p,0.818152829307907
hsa-miR-3151-5p,0.817767432750384
hsa-miR-32-5p,0.817688432634921
hsa-miR-1908-5p,0.817671286371589
hsa-miR-99b-3p,0.817182140590231
hsa-miR-140-5p,0.816949104807782
hsa-miR-628-5p,0.816746360542701
hsa-miR-615-3p,0.816513575828789
hsa-miR-2355-5p,0.815998374737705
hsa-miR-99a-5p,0.815861758671111
hsa-miR-7-5p,0.815254761106231
hsa-miR-16-5p,0.814622644682231
hsa-miR-196b-5p,0.814260559910522
hsa-miR-93-3p,0.814009130158795
hsa-miR-193a-5p,0.812635546042206
hsa-miR-27a-5p,0.811875229306241
hsa-miR-93-5p,0.811621828855194
hsa-miR-590-5p,0.810877540200377
hsa-miR-1226-3p,0.810007040514866
hsa-miR-92b-5p,0.809691285556733
hsa-miR-190b-5p,0.807647384851377
hsa-let-7b-5p,0.80654633697848
hsa-miR-877-5p,0.805565900805646
hsa-miR-99b-5p,0.80363095897305
hsa-miR-652-3p,0.802643994168871
hsa-miR-1266-5p,0.802491246501396
hsa-miR-374a-5p,0.802020538858136
hsa-miR-25-3p,0.800481886242602
hsa-miR-126-3p,0.799586572828808
hsa-miR-15b-3p,0.799351927016085
hsa-miR-191-5p,0.7987154765607
hsa-miR-19b-1-5p,0.798701032235956
hsa-miR-210-3p,0.79731715693722
hsa-miR-128-2-5p,0.79705075156184
hsa-miR-214-5p,0.797034756554575
hsa-miR-4746-5p,0.796937184131939
hsa-miR-372-3p,0.796790540784407
hsa-miR-423-3p,0.796508330828999
hsa-miR-16-2-3p,0.796087830846278
hsa-miR-361-3p,0.795958816936334
hsa-miR-425-3p,0.795114310295821
hsa-miR-150-5p,0.794922456208865
hsa-miR-191-3p,0.793608907974098
hsa-miR-30b-5p,0.79311609997469
hsa-miR-199a-5p,0.792872605155591
hsa-miR-3615,0.792604572507678
hsa-miR-222-5p,0.792572570561008
hsa-miR-27a-3p,0.792007684181485
hsa-miR-125b-2-3p,0.791478877185564
hsa-miR-181a-3p,0.790897928924493
hsa-miR-744-5p,0.790575308376527
hsa-miR-20a-3p,0.790035321870454
hsa-miR-19a-3p,0.789556447519001
hsa-miR-193b-3p,0.788712277922324
hsa-miR-671-3p,0.788225866924334
hsa-miR-3200-5p,0.788091563712687
hsa-miR-124-3p,0.787045606015957
hsa-miR-6720-3p,0.786977557643514
hsa-miR-203a-5p,0.785308680679246
hsa-miR-660-5p,0.785163455241183
hsa-let-7d-3p,0.784868831224963
hsa-miR-128-3p,0.784720382933147
hsa-miR-128-1-5p,0.784526996792971
hsa-miR-204-5p,0.78175222128283
hsa-miR-140-3p,0.781401780344361
hsa-miR-542-3p,0.781259164386074
hsa-miR-3200-3p,0.77825750042043
hsa-miR-148a-5p,0.778200520860074
hsa-miR-29c-5p,0.777087587837401
hsa-miR-3614-5p,0.777078037462061
hsa-miR-204-3p,0.776635709318066
hsa-miR-532-3p,0.776536576053733
hsa-miR-1306-5p,0.775719704475333
hsa-let-7e-3p,0.775707508092295
hsa-miR-29b-2-5p,0.775669260226013
hsa-let-7a-3p,0.77428718291409
hsa-miR-6499-5p,0.774053031360665
hsa-miR-708-3p,0.77235707963868
hsa-miR-934,0.771259330688763
hsa-miR-219a-2-3p,0.770921588276326
hsa-miR-889-3p,0.769919926579536
hsa-miR-218-5p,0.769901068913024
hsa-miR-214-3p,0.769896833922152
hsa-miR-520f-3p,0.76761030622524
hsa-miR-181a-2-3p,0.766213210765356
hsa-miR-10b-5p,0.766160769456577
hsa-miR-22-5p,0.766087486354045
hsa-miR-484,0.76572379476068
hsa-miR-6511b-3p,0.765685463216296
hsa-miR-125a-3p,0.763755644744259
hsa-miR-24-2-5p,0.763624068468751
hsa-miR-150-3p,0.763316140428895
hsa-miR-582-3p,0.762865101535094
hsa-miR-219a-1-3p,0.762451236803842
hsa-miR-342-3p,0.762012393402774
hsa-miR-132-3p,0.761974692784304
hsa-miR-148b-3p,0.76175057226549
hsa-miR-501-3p,0.761720357838125
hsa-miR-151a-5p,0.761700296424327
hsa-miR-766-3p,0.761592407137624
hsa-miR-3622a-3p,0.761466030526938
hsa-miR-330-5p,0.761359521943297
hsa-miR-3613-5p,0.761031624705818
hsa-miR-3605-3p,0.759921867406429
hsa-miR-1273h-3p,0.759540704281577
hsa-miR-4772-3p,0.759063735832289
hsa-miR-193b-5p,0.758953370422301
hsa-miR-138-5p,0.758672001849393
hsa-miR-23a-3p,0.757484883376178
hsa-miR-519b-3p,0.756588145131596
hsa-miR-196a-5p,0.756088237495137
hsa-miR-668-3p,0.755761489933986
hsa-miR-99a-3p,0.755640494822574
hsa-miR-301a-3p,0.755519306435249
hsa-miR-664a-3p,0.755023937216389
hsa-miR-186-5p,0.754831089602787
hsa-miR-629-3p,0.754594203090352
hsa-miR-6510-3p,0.75429256971232
hsa-miR-25-5p,0.753568129321823
hsa-miR-671-5p,0.753183625050395
hsa-miR-30b-3p,0.753060764269581
hsa-miR-139-5p,0.752963058058228
hsa-miR-10a-5p,0.75247537915849
hsa-miR-590-3p,0.751830469515946
hsa-miR-151a-3p,0.75135027002041
hsa-miR-302b-5p,0.751246498772261
hsa-miR-577,0.751178979987623
hsa-let-7i-5p,0.751132965678294
hsa-miR-509-3p,0.750756140284822
hsa-miR-345-5p,0.750637655740488
hsa-miR-760,0.750356931402114
hsa-miR-3127-5p,0.750151998441936
hsa-miR-7-1-3p,0.749823416448425
hsa-miR-1-3p,0.749493301955899
hsa-miR-552-3p,0.749219116434721
hsa-miR-30d-3p,0.748399471559578
hsa-miR-379-5p,0.747483126514833
hsa-miR-512-5p,0.747137917949524
hsa-miR-30c-5p,0.746869904019672
hsa-miR-106a-5p,0.746686968249938
hsa-miR-708-5p,0.74623609855979
hsa-miR-629-5p,0.745801296357204
hsa-let-7b-3p,0.745500429495553
hsa-miR-378c,0.745429729758799
hsa-miR-519d-5p,0.745162472970706
hsa-miR-425-5p,0.744893769497445
hsa-miR-589-5p,0.744839614737775
hsa-miR-4731-5p,0.744834259886253
hsa-miR-433-3p,0.744352522205775
hsa-miR-511-5p,0.744228569877869
hsa-miR-874-3p,0.743739372323891
hsa-miR-24-3p,0.743152066117549
hsa-miR-518d-3p,0.741972906674
hsa-miR-365b-3p,0.741447967598025
hsa-miR-664b-3p,0.740890843106054
hsa-miR-215-3p,0.740331353597565
hsa-miR-125b-1-3p,0.740078305641108
hsa-miR-381-3p,0.739501132205356
hsa-miR-27b-3p,0.738978664937742
hsa-miR-185-3p,0.738391239529601
hsa-miR-127-5p,0.737949686884765
hsa-miR-195-5p,0.737860511475837
hsa-miR-1224-5p,0.737788572033654
hsa-miR-523-3p,0.73777343552399
hsa-miR-146b-5p,0.737606081508223
hsa-miR-143-5p,0.73757548919349
hsa-miR-520e-3p,0.73747318034652
hsa-let-7e-5p,0.737441320297187
hsa-miR-31-5p,0.737208166870567
hsa-miR-1976,0.736946419002831
hsa-miR-320a-3p,0.7368967721147
hsa-miR-520b-3p,0.736708214681328
hsa-miR-139-3p,0.736009747344074
hsa-miR-550a-5p,0.734977776025672
hsa-miR-153-5p,0.734581098741435
hsa-miR-10b-3p,0.733339475437061
hsa-miR-515-5p,0.733027939459035
hsa-miR-552-5p,0.73302343664348
hsa-miR-501-5p,0.732979187248075
hsa-miR-520c-3p,0.732805972099856
hsa-miR-135b-3p,0.732672034686743
hsa-miR-487b-5p,0.732665553075053
hsa-miR-885-3p,0.732235455733042
hsa-miR-29a-3p,0.732189302696406
hsa-miR-30e-3p,0.731917929498083
hsa-miR-1307-5p,0.731652158101738
hsa-miR-136-3p,0.73161209575889
hsa-miR-518f-3p,0.731284267718385
hsa-miR-365a-3p,0.731198417997132
hsa-miR-323a-5p,0.731101444182741
hsa-miR-16-1-3p,0.730533887628702
hsa-miR-362-5p,0.7303127659658
hsa-miR-324-5p,0.729785206864084
hsa-miR-31-3p,0.729587146928975
hsa-miR-103a-3p,0.729393640969092
hsa-miR-1293,0.729343798485963
hsa-miR-520d-5p,0.728456432533547
hsa-miR-6509-5p,0.728404453424315
hsa-miR-455-3p,0.727417104974028
hsa-miR-423-5p,0.72693344230679
hsa-miR-488-5p,0.726076710269116
hsa-miR-3917,0.725591328148345
hsa-miR-129-5p,0.725108349893306
hsa-miR-152-3p,0.724289660873837
hsa-miR-940,0.723716001085823
hsa-miR-3928-3p,0.723289193344465
hsa-miR-651-5p,0.722695028555736
hsa-miR-526b-3p,0.722270678461444
hsa-miR-33a-5p,0.722171285237326
hsa-miR-101-5p,0.722143022717217
hsa-miR-7706,0.721928770473074
hsa-miR-452-5p,0.721780094923644
hsa-miR-517c-3p,0.72132477346936
hsa-miR-409-3p,0.721092667766983
hsa-miR-1292-5p,0.720889620084854
hsa-miR-485-3p,0.720247610891163
hsa-miR-23a-5p,0.720237894332342
hsa-miR-210-5p,0.719945699212784
hsa-miR-127-3p,0.719300619738863
hsa-miR-202-5p,0.719026130091662
hsa-miR-758-3p,0.718768548713893
hsa-miR-370-3p,0.717835492506594
hsa-miR-20b-5p,0.717409883878254
hsa-miR-224-5p,0.717251498486772
hsa-miR-519e-3p,0.717036963593498
hsa-miR-202-3p,0.716802455278303
hsa-miR-520a-5p,0.715082630161427
hsa-miR-301a-5p,0.714995711441487
hsa-miR-130a-3p,0.714711944949102
hsa-miR-518f-5p,0.714552970522724
hsa-miR-485-5p,0.71454624400869
hsa-miR-3074-5p,0.714473508952247
hsa-miR-107,0.71423448450411
hsa-miR-500a-3p,0.713995573630321
hsa-miR-424-5p,0.713908538127708
hsa-let-7i-3p,0.713807801086058
hsa-miR-136-5p,0.713767125162271
hsa-miR-181c-3p,0.713257206036143
hsa-miR-508-3p,0.71314140388063
hsa-miR-3124-5p,0.712781391069423
hsa-miR-340-3p,0.712659699337584
hsa-miR-411-5p,0.712262226102511
hsa-miR-1295b-5p,0.711917614493953
hsa-miR-223-5p,0.711829629887929
hsa-miR-431-3p,0.711785996977602
hsa-miR-410-3p,0.710978210579472
hsa-miR-7702,0.709696891048578
hsa-miR-346,0.709127451724854
hsa-miR-137-3p,0.70884637651849
hsa-miR-1179,0.707921873948463
hsa-miR-2110,0.707746038825297
hsa-miR-145-5p,0.707549321166715
hsa-miR-432-5p,0.707541015660091
hsa-miR-369-3p,0.70745501606636
hsa-miR-532-5p,0.707387582827101
hsa-miR-543,0.707374406961718
hsa-miR-505-3p,0.707177786939034
hsa-miR-100-5p,0.706943249062126
hsa-miR-181d-3p,0.70647593016805
hsa-miR-576-5p,0.706081749517594
hsa-miR-4728-3p,0.705858221250596
hsa-miR-664a-5p,0.705711909401003
hsa-miR-498-5p,0.705440737314569
hsa-miR-193a-3p,0.705404124257331
hsa-let-7d-5p,0.705235464120412
hsa-miR-454-3p,0.705043029611057
hsa-miR-502-3p,0.704598989897105
hsa-miR-363-3p,0.704397515296213
hsa-miR-574-3p,0.704257199325134
hsa-miR-382-5p,0.703921628450573
hsa-miR-26b-5p,0.703773951970216
hsa-miR-506-3p,0.703611178543336
hsa-miR-133a-3p,0.702701668573629
hsa-miR-1296-5p,0.702200574849655
hsa-miR-655-3p,0.701604819159271
hsa-miR-187-3p,0.701048023634526
hsa-miR-510-3p,0.701031408922925
hsa-miR-34a-5p,0.700910239632925
hsa-miR-550a-3p,0.699180107132913
hsa-miR-1323,0.698854574260947
hsa-miR-374b-5p,0.698707572332141
hsa-miR-518a-3p,0.698261952747252
hsa-miR-377-5p,0.697306733017956
hsa-miR-6842-3p,0.697154338012089
hsa-miR-23b-3p,0.696678116214351
hsa-miR-888-5p,0.69629698610633
hsa-miR-592,0.696224130117007
hsa-miR-450b-5p,0.696132400287013
hsa-miR-155-3p,0.695482817255323
hsa-miR-4652-5p,0.695392765587628
hsa-miR-1468-5p,0.695349062704844
hsa-miR-452-3p,0.695255455774706
hsa-miR-539-3p,0.694630052623143
hsa-miR-134-5p,0.694505159226566
hsa-miR-338-3p,0.694377759298212
hsa-miR-487b-3p,0.694243858711237
hsa-miR-515-3p,0.694126332966551
hsa-miR-891b,0.694042989574923
hsa-miR-508-5p,0.693723388694082
hsa-miR-524-5p,0.693515673791157
hsa-miR-520d-3p,0.693468502524216
hsa-miR-487a-5p,0.693439449921125
hsa-miR-26a-5p,0.693279499829966
hsa-miR-98-5p,0.69299904795613
hsa-miR-376c-3p,0.692093126784133
hsa-miR-9-5p,0.690046905889209
hsa-miR-221-5p,0.688517768572592
hsa-miR-3922-3p,0.687178143188536
hsa-miR-329-3p,0.68701089444424
hsa-miR-625-5p,0.686939356563042
hsa-miR-337-3p,0.686715599649383
hsa-miR-370-5p,0.686279202317148
hsa-miR-518c-5p,0.686000288053656
hsa-miR-500b-3p,0.68560606858279
hsa-miR-891a-5p,0.685443939379953
hsa-miR-513b-5p,0.685313763442612
hsa-miR-509-5p,0.68489128615867
hsa-miR-5589-3p,0.684506762255521
hsa-miR-1306-3p,0.684310618985035
hsa-miR-6715a-3p,0.683764464921025
hsa-miR-518e-3p,0.683517448481282
hsa-miR-641,0.683430546141179
hsa-miR-339-3p,0.683115416037151
hsa-miR-524-3p,0.68296564628407
hsa-miR-144-5p,0.682329057574443
hsa-miR-513a-5p,0.682259757897272
hsa-miR-483-3p,0.681918630352561
hsa-miR-323b-3p,0.681286234699711
hsa-miR-758-5p,0.680962129617243
hsa-miR-616-5p,0.679998433428097
hsa-miR-3677-3p,0.679986316216708
hsa-miR-6810-3p,0.679800960362841
hsa-miR-3622a-5p,0.679765815171553
hsa-miR-519d-3p,0.679494976314347
hsa-miR-335-3p,0.679483172832062
hsa-miR-296-5p,0.67919876158733
hsa-miR-519c-3p,0.678767780753189
hsa-miR-299-5p,0.678624379674821
hsa-miR-483-5p,0.678236632976873
hsa-miR-935,0.677632857559544
hsa-miR-330-3p,0.676940501318307
hsa-miR-340-5p,0.676516842425106
hsa-miR-514a-3p,0.676455946953509
hsa-miR-95-3p,0.676433846212398
hsa-miR-339-5p,0.676097101420327
hsa-miR-3940-3p,0.675202031348606
hsa-miR-1247-3p,0.675087902217024
hsa-miR-497-5p,0.674644275060117
hsa-miR-1343-3p,0.674088556843981
hsa-miR-744-3p,0.673677051821511
hsa-miR-105-5p,0.673655191201677
hsa-miR-154-3p,0.673169928013829
hsa-miR-500a-5p,0.67312927032528
hsa-miR-654-5p,0.67289323203278
hsa-miR-133b,0.672735353696702
hsa-miR-3622b-3p,0.672174980050849
hsa-miR-520f-5p,0.671615474352417
hsa-miR-520a-3p,0.671539962616353
hsa-miR-28-5p,0.671385261465182
hsa-miR-29b-1-5p,0.671384840445835
hsa-miR-514a-5p,0.67097117046321
hsa-let-7g-5p,0.670770377005076
hsa-miR-335-5p,0.670747316098842
hsa-miR-518c-3p,0.670101686454911
hsa-miR-30c-1-3p,0.669958826058483
hsa-miR-135a-5p,0.6694563780162
hsa-miR-299-3p,0.669453848543048
hsa-miR-1271-5p,0.669419818155369
hsa-miR-369-5p,0.669405096223507
hsa-miR-598-3p,0.668824916219051
hsa-miR-323a-3p,0.667995865855126
hsa-miR-520h,0.667500682663293
hsa-miR-421,0.667478484398383
hsa-miR-4640-3p,0.667342268130419
hsa-miR-656-3p,0.66695821557604
hsa-miR-539-5p,0.666833737462837
hsa-miR-4662a-5p,0.666789611772351
hsa-miR-326,0.666731689937349
hsa-miR-365a-5p,0.666389737556722
hsa-miR-320b,0.665652600347143
hsa-miR-28-3p,0.665607087735529
hsa-miR-767-5p,0.665461198794381
hsa-miR-509-3-5p,0.665326377081828
hsa-miR-584-3p,0.665290791486314
hsa-miR-544a,0.665248564146885
hsa-miR-296-3p,0.665052964592562
hsa-miR-493-5p,0.664690168558774
hsa-miR-1270,0.664248432406383
hsa-miR-5010-3p,0.664153606132052
hsa-miR-424-3p,0.663780487875387
hsa-miR-4758-3p,0.662893812111038
hsa-miR-6499-3p,0.662430343759428
hsa-miR-4787-3p,0.662227711423007
hsa-miR-34c-3p,0.66193909474282
hsa-miR-181d-5p,0.661483249540768
hsa-let-7c-3p,0.661035298593437
hsa-miR-1287-5p,0.660639459275647
hsa-miR-488-3p,0.660477644793387
hsa-miR-517-5p,0.660436758492253
hsa-miR-892b,0.659586227892043
hsa-miR-516b-5p,0.659351875899594
hsa-miR-4661-5p,0.659049666190033
hsa-miR-500b-5p,0.656913095009985
hsa-miR-320c,0.655458465973435
hsa-miR-942-3p,0.655046018811144
hsa-miR-382-3p,0.654937122452469
hsa-miR-520g-3p,0.654510586859095
hsa-miR-181c-5p,0.654321154387222
hsa-let-7a-5p,0.653633626861893
hsa-miR-513c-5p,0.653408064460211
hsa-miR-138-1-3p,0.653118289632338
hsa-miR-96-3p,0.652076394829992
hsa-miR-29a-5p,0.650723348487659
hsa-miR-653-5p,0.650344770552448
hsa-miR-892a,0.650141163832648
hsa-miR-432-3p,0.649589872976566
hsa-miR-3651,0.648673354157361
hsa-miR-5586-5p,0.647942939812795
hsa-miR-548f-3p,0.647917739135431
hsa-miR-1185-1-3p,0.647859286317773
hsa-miR-493-3p,0.647608752407232
hsa-miR-301b-3p,0.647164343674435
hsa-miR-495-3p,0.646946053241441
hsa-miR-548x-3p,0.646779035528599
hsa-miR-654-3p,0.646683463676711
hsa-miR-541-3p,0.646255720544926
hsa-miR-409-5p,0.646188762109056
hsa-miR-3934-3p,0.645701113617458
hsa-miR-487a-3p,0.645169433832415
hsa-miR-129-2-3p,0.644939352179564
hsa-miR-26a-2-3p,0.644670815581737
hsa-miR-503-5p,0.644455964011242
hsa-miR-518a-5p,0.644432735326027
hsa-miR-582-5p,0.644131075939191
hsa-miR-518b,0.643164399672598
hsa-miR-34c-5p,0.642229997071831
hsa-miR-450a-5p,0.641863134774725
hsa-let-7g-3p,0.641830692698548
hsa-miR-507,0.641589352693249
hsa-miR-380-3p,0.640371230692785
hsa-miR-3065-3p,0.63976884291941
hsa-miR-527,0.639443687471301
hsa-miR-124-5p,0.639412107874207
hsa-miR-512-3p,0.638868429283261
hsa-miR-301b-5p,0.638796822028924
hsa-miR-494-3p,0.636765375822785
hsa-miR-3934-5p,0.636262497946591
hsa-miR-380-5p,0.636164951795257
hsa-miR-3150b-3p,0.635864062994019
hsa-miR-3170,0.635811967492788
hsa-miR-153-3p,0.635462855944685
hsa-miR-331-3p,0.635293365140728
hsa-miR-338-5p,0.634873197585131
hsa-miR-362-3p,0.633704625830758
hsa-miR-183-3p,0.633693145395796
hsa-miR-769-5p,0.633514114844425
hsa-miR-195-3p,0.633080210036201
hsa-miR-1249-3p,0.632738263923173
hsa-miR-3913-5p,0.632634502172157
hsa-miR-329-5p,0.631007427526593
hsa-miR-27b-5p,0.630774434552286
hsa-miR-519a-5p,0.63044229978859
hsa-miR-494-5p,0.630211866902703
hsa-miR-1228-3p,0.629696401981412
hsa-miR-505-5p,0.629649479228134
hsa-let-7f-1-3p,0.629323403580214
hsa-miR-154-5p,0.629000485642408
hsa-miR-496,0.628916143741492
hsa-miR-33b-5p,0.628819748074855
hsa-miR-1229-3p,0.62874603088784
hsa-miR-6892-5p,0.628083663789652
hsa-miR-376b-3p,0.627580357570264
hsa-miR-24-1-5p,0.626839662737913
hsa-miR-519a-3p,0.626268640865308
hsa-miR-130a-5p,0.625836683104721
hsa-miR-513c-3p,0.624751754165345
hsa-miR-5589-5p,0.624344529674981
hsa-miR-376a-5p,0.62429846163327
hsa-miR-491-5p,0.624238275948319
hsa-miR-5584-5p,0.624199260040992
hsa-miR-514b-3p,0.622918407337101
hsa-miR-4421,0.622703506478212
hsa-miR-769-3p,0.622555888193322
hsa-miR-135a-3p,0.622461346871897
hsa-miR-6803-3p,0.622366363883032
hsa-miR-190a-5p,0.622032159055186
hsa-miR-20b-3p,0.621952957588925
hsa-miR-377-3p,0.621501640761362
hsa-miR-212-3p,0.620593379383997
hsa-miR-367-5p,0.620332542785528
hsa-miR-628-3p,0.619774906716952
hsa-miR-525-5p,0.619368055957167
hsa-miR-5187-5p,0.618805455942622
hsa-miR-495-5p,0.618383405117098
hsa-miR-520g-5p,0.617826406287519
hsa-miR-3154,0.61724439379514
hsa-miR-217-5p,0.615823334923169
hsa-miR-2682-5p,0.615743302939408
hsa-miR-517a-3p,0.61534281310383
hsa-miR-517b-3p,0.61523562910047
hsa-miR-9-3p,0.615035680917985
hsa-miR-486-5p,0.614945511593971
hsa-miR-770-5p,0.614907585934934
hsa-miR-887-3p,0.614500265519633
hsa-miR-521,0.61405804336945
hsa-miR-365b-5p,0.613588564712606
hsa-miR-4525,0.613099892927421
hsa-miR-5010-5p,0.612938575726345
hsa-miR-514b-5p,0.612470949200136
hsa-miR-522-3p,0.612261063193463
hsa-miR-33a-3p,0.612000652280632
hsa-miR-525-3p,0.611841274341262
hsa-miR-129-1-3p,0.61069105641928
hsa-miR-149-3p,0.609249113003414
hsa-miR-376a-3p,0.609062643549828
hsa-miR-26a-1-3p,0.608535350389132
hsa-miR-4449,0.607478752779032
hsa-miR-486-3p,0.605733108849561
hsa-miR-450a-2-3p,0.605524163389102
hsa-miR-4443,0.605509640969107
hsa-miR-1283,0.605469659085909
hsa-miR-6802-3p,0.605413192171697
hsa-miR-6875-5p,0.605321176550285
hsa-miR-181b-2-3p,0.605128576109738
hsa-miR-4668-3p,0.605121134699699
hsa-miR-2355-3p,0.605042244527438
hsa-miR-5001-5p,0.603151501383932
hsa-miR-410-5p,0.6028467136867
hsa-miR-105-3p,0.60162139718269
hsa-miR-503-3p,0.601418547035826
hsa-miR-433-5p,0.601256488056484
hsa-miR-92a-2-5p,0.600659555841121
hsa-miR-2276-3p,0.599280822189924
hsa-miR-32-3p,0.59914515046738
hsa-miR-616-3p,0.598681695381552
hsa-miR-26b-3p,0.596431960122946
hsa-miR-887-5p,0.595990239348635
hsa-miR-4664-3p,0.595710073164034
hsa-miR-3614-3p,0.595333830439847
hsa-miR-3158-5p,0.593914945774813
hsa-miR-3609,0.59372427101947
hsa-miR-519e-5p,0.593623706242827
hsa-miR-132-5p,0.593039710258913
hsa-miR-1185-5p,0.59300938137216
hsa-miR-3610,0.592002801629392
hsa-miR-147b-3p,0.591186044953722
hsa-miR-4772-5p,0.591044172361126
hsa-miR-551a,0.589569626252916
hsa-miR-624-5p,0.58900477502662
hsa-miR-1295b-3p,0.588857989034962
hsa-miR-548b-3p,0.588723056391525
hsa-miR-939-5p,0.588659295553277
hsa-miR-7974,0.588275408188335
hsa-miR-34b-3p,0.587904482716753
hsa-miR-1277-3p,0.587771805353926
hsa-miR-379-3p,0.586914425497106
hsa-miR-3620-3p,0.585649762370437
hsa-miR-3691-5p,0.585391608882126
hsa-miR-411-3p,0.585031321941559
hsa-miR-6877-5p,0.584860525653846
hsa-miR-381-5p,0.584744285271469
hsa-miR-331-5p,0.584594914260301
hsa-miR-5698,0.584121198840004
hsa-miR-4521,0.583697099465215
hsa-miR-767-3p,0.583488982066292
hsa-miR-10a-3p,0.583260761047477
hsa-miR-188-5p,0.583164072998253
hsa-miR-541-5p,0.58300072603115
hsa-miR-4491,0.582570338779993
hsa-miR-4709-3p,0.582525430017505
hsa-miR-1247-5p,0.582434904813777
hsa-miR-675-3p,0.582122827929402
hsa-miR-548d-3p,0.581946379577571
hsa-miR-1185-2-3p,0.58174033813743
hsa-miR-133a-5p,0.581701428819855
hsa-miR-892c-3p,0.581268059664524
hsa-miR-3662,0.581052092186358
hsa-miR-144-3p,0.580263019352028
hsa-miR-526b-5p,0.579992678488985
hsa-miR-134-3p,0.579733602527562
hsa-miR-451a,0.57939798406266
hsa-miR-874-5p,0.579213125810784
hsa-miR-151b,0.578977530822729
hsa-miR-4745-3p,0.578266917827315
hsa-miR-561-5p,0.57729672226605
hsa-miR-513a-3p,0.576737112147111
hsa-miR-196b-3p,0.57503539708376
hsa-miR-1248,0.574841135535676
hsa-miR-506-5p,0.572755625239526
hsa-miR-6512-3p,0.571679341926772
hsa-miR-3177-3p,0.571554652541495
hsa-miR-337-5p,0.571386954261206
hsa-miR-6854-5p,0.570006624680465
hsa-miR-216b-5p,0.569548111916888
hsa-miR-6747-3p,0.569167547556737
hsa-miR-3940-5p,0.569005037934027
hsa-let-7f-5p,0.568746366395269
hsa-miR-3173-5p,0.568451104749132
hsa-miR-6516-3p,0.568326218195592
hsa-miR-4431,0.568081007037453
hsa-let-7a-2-3p,0.567716877949535
hsa-miR-5694,0.56732868941208
hsa-miR-542-5p,0.566322354682003
hsa-miR-1197,0.564961050439368
hsa-miR-1243,0.563847314536702
hsa-miR-490-3p,0.562975481809977
hsa-miR-6808-3p,0.562916638585566
hsa-miR-431-5p,0.562225030539918
hsa-miR-877-3p,0.559511074266072
hsa-miR-6716-3p,0.557924495720805
hsa-miR-224-3p,0.55774563913654
hsa-miR-4437,0.557460055230161
hsa-miR-184,0.557301163768958
hsa-miR-7110-3p,0.55723694128754
hsa-miR-3682-3p,0.557146259887061
hsa-miR-6860,0.556959086913369
hsa-miR-211-3p,0.556013821347231
hsa-miR-3679-5p,0.555775364033402
hsa-miR-3936,0.555493099734684
hsa-miR-4501,0.555334042845163
hsa-miR-122b-5p,0.554933677302627
hsa-miR-138-2-3p,0.553454462530033
hsa-miR-2277-3p,0.551016240837734
hsa-miR-148b-5p,0.549674729542355
hsa-miR-4780,0.548465215854726
hsa-miR-6834-5p,0.548244458395162
hsa-miR-6715b-3p,0.546799231404033
hsa-miR-5588-3p,0.546494347759765
hsa-miR-3187-3p,0.546288967663511
hsa-miR-2277-5p,0.54596566877484
hsa-miR-4676-5p,0.545445812855709
hsa-miR-4433a-5p,0.545161294209645
hsa-miR-516a-5p,0.544750316133261
hsa-miR-502-5p,0.544384700692903
hsa-miR-1291,0.543824555863127
hsa-miR-5090,0.543585072609768
hsa-miR-1910-5p,0.542671742669736
hsa-miR-636,0.542611645484853
hsa-miR-34b-5p,0.542037377990809
hsa-miR-1269a,0.541378514389554
hsa-miR-4724-5p,0.541058050709578
hsa-miR-374b-3p,0.540336155468978
hsa-miR-6735-5p,0.540226896305996
hsa-miR-376b-5p,0.539704112857993
hsa-miR-106a-3p,0.538371848537898
hsa-miR-5683,0.537886855428356
hsa-miR-3189-3p,0.537578900158463
hsa-miR-103a-2-5p,0.53725878219862
hsa-miR-573,0.535935434743758
hsa-miR-376c-5p,0.535909590482827
hsa-miR-6503-3p,0.534384234751563
hsa-miR-23b-5p,0.533376576288557
hsa-miR-3131,0.530828777692254
hsa-miR-323b-5p,0.530172700904615
hsa-miR-664b-5p,0.529212889180036
hsa-miR-3065-5p,0.529140261493802
hsa-miR-627-5p,0.529046051367951
hsa-miR-504-5p,0.528310687842456
hsa-miR-5584-3p,0.527774198358761
hsa-miR-3652,0.526645706705439
hsa-miR-7705,0.526327961482966
hsa-miR-670-3p,0.526117443987753
hsa-miR-3944-3p,0.525687075658047
hsa-miR-642a-5p,0.524363999041055
hsa-miR-766-5p,0.52425055955723
hsa-miR-212-5p,0.523658698294719
hsa-miR-412-5p,0.523349755579263
hsa-miR-1287-3p,0.523058467983693
hsa-miR-1914-5p,0.522321419813067
hsa-miR-6741-3p,0.521919739957705
hsa-miR-6516-5p,0.521294690004463
hsa-miR-320d,0.521049854472924
hsa-miR-3605-5p,0.520561913434412
hsa-miR-3677-5p,0.520384844677944
hsa-miR-5699-5p,0.518656840738943
hsa-miR-4778-3p,0.518349992639075
hsa-miR-4420,0.518283052308194
hsa-miR-1250-5p,0.518078067779243
hsa-miR-18b-5p,0.517074337978559
hsa-miR-1251-5p,0.516815850694484
hsa-miR-6820-3p,0.516301978550929
hsa-miR-1228-5p,0.515896073409435
hsa-miR-3130-3p,0.515210694484813
hsa-miR-1295a,0.514444661632655
hsa-miR-580-3p,0.51422420711983
hsa-miR-873-3p,0.513484568993387
hsa-miR-6783-3p,0.511418871644467
hsa-miR-589-3p,0.510882975413012
hsa-miR-5000-3p,0.510829004594379
hsa-miR-490-5p,0.510492326591572
hsa-miR-363-5p,0.509240989218011
hsa-miR-1305,0.50801310321543
hsa-miR-6843-3p,0.506978322040991
hsa-miR-3127-3p,0.506947800088159
hsa-miR-3199,0.50675308136024
hsa-miR-197-5p,0.506661911519649
hsa-miR-4718,0.506463229439554
hsa-miR-18b-3p,0.506233932613264
hsa-miR-676-3p,0.504663723637258
hsa-miR-4742-3p,0.504589856469984
hsa-miR-656-5p,0.504515701811696
hsa-miR-4732-3p,0.502862058721006
hsa-miR-2116-3p,0.502614346106258
hsa-miR-2682-3p,0.502131830432331
hsa-miR-659-5p,0.501747781305162
hsa-miR-4454,0.499585001639794
hsa-miR-4659b-5p,0.499427110872036
hsa-miR-219a-5p,0.497482900080062
hsa-miR-3136-5p,0.496947540420251
hsa-miR-1537-5p,0.496942484000933
hsa-miR-3126-5p,0.496687188495202
hsa-miR-5708,0.496493544222193
hsa-miR-6806-3p,0.49617388469013
hsa-miR-3909,0.495208532875827
hsa-miR-548v,0.494721528587737
hsa-miR-454-5p,0.494212777267829
hsa-miR-6514-5p,0.494069174362667
hsa-miR-4636,0.493943631649625
hsa-miR-6798-3p,0.493241677602001
hsa-miR-6731-5p,0.492319564175308
hsa-miR-655-5p,0.490459699329822
hsa-miR-4758-5p,0.49027053364568
hsa-miR-1915-3p,0.490088899215208
hsa-miR-3157-5p,0.490002556249008
hsa-miR-548j-5p,0.489977378162322
hsa-miR-4766-3p,0.489832960236761
hsa-miR-550a-3-5p,0.4896912995085
hsa-miR-4658,0.48748418435313
hsa-miR-3667-5p,0.487085328911918
hsa-miR-6820-5p,0.486071950387188
hsa-miR-1262,0.485936074974016
hsa-miR-1227-3p,0.485433741854969
hsa-miR-5091,0.484155351227188
hsa-miR-33b-3p,0.483265184530365
hsa-miR-3664-5p,0.483088483199051
hsa-miR-873-5p,0.482936619598296
hsa-miR-216a-5p,0.482509173895744
hsa-miR-187-5p,0.481268854813336
hsa-miR-4423-5p,0.479840615275238
hsa-miR-1276,0.47965738776637
hsa-miR-182-3p,0.479065285039873
hsa-miR-2113,0.478835113963428
hsa-miR-665,0.477740289585753
hsa-miR-511-3p,0.477519665503285
hsa-miR-98-3p,0.477221422837363
hsa-miR-6815-5p,0.476609447868544
hsa-miR-5690,0.475981320662167
hsa-miR-1224-3p,0.475596328103577
hsa-miR-6777-5p,0.475137662620974
hsa-miR-4732-5p,0.473535722619265
hsa-miR-6734-5p,0.472364035629681
hsa-miR-1260b,0.471733568122692
hsa-miR-1-5p,0.471553950795846
hsa-miR-3193,0.47054803075916
hsa-miR-513b-3p,0.469727031610448
hsa-miR-3680-3p,0.468029364413318
hsa-miR-1909-5p,0.467586897344779
hsa-miR-6503-5p,0.467137238975263
hsa-miR-579-5p,0.466936723959709
hsa-miR-652-5p,0.466499149826127
hsa-miR-1304-5p,0.466048769982774
hsa-miR-4444,0.465822810135144
hsa-miR-5571-3p,0.464545488683472
hsa-miR-4638-3p,0.463638386343746
hsa-miR-7845-5p,0.462325414540766
hsa-miR-152-5p,0.461874270664923
hsa-miR-376a-2-5p,0.460867847723097
hsa-miR-6728-5p,0.460686839853806
hsa-miR-1180-5p,0.460292003313949
hsa-miR-4469,0.460196682357244
hsa-miR-3613-3p,0.459988679122961
hsa-miR-3942-5p,0.459667362100785
hsa-miR-4659a-5p,0.459517287895556
hsa-miR-4713-5p,0.45905278977322
hsa-miR-1275,0.458412395435784
hsa-miR-4687-5p,0.457957123825681
hsa-miR-548y,0.457200797018247
hsa-miR-1915-5p,0.456121531947817
hsa-miR-551b-3p,0.453855380212565
hsa-miR-6797-3p,0.453057656392695
hsa-miR-374c-5p,0.45189827680264
hsa-miR-6512-5p,0.45069626804709
hsa-miR-6879-3p,0.45058644769928
hsa-miR-4646-3p,0.45039173695716
hsa-miR-510-5p,0.450218165660146
hsa-miR-618,0.449435924739692
hsa-miR-3690,0.449407802119515
hsa-miR-4741,0.448965511696285
hsa-miR-378d,0.448528077356585
hsa-miR-5684,0.447903377115862
hsa-miR-216a-3p,0.447467817956697
hsa-miR-4778-5p,0.446674810576743
hsa-miR-6513-5p,0.446022120158895
hsa-miR-5579-3p,0.444579971574698
hsa-miR-6755-5p,0.444264717675571
hsa-miR-6891-5p,0.443457891956794
hsa-miR-1301-5p,0.442791400147758
hsa-miR-1251-3p,0.442401067311923
hsa-miR-4760-5p,0.441922347002586
hsa-miR-639,0.441688581948835
hsa-miR-4770,0.441305653137072
hsa-miR-6749-3p,0.439252771924613
hsa-miR-548t-5p,0.43898400204239
hsa-miR-3125,0.438908886296265
hsa-miR-660-3p,0.438552076396488
hsa-miR-4647,0.438250422246392
hsa-miR-466,0.438158157095307
hsa-miR-4797-3p,0.437670351871237
hsa-miR-4791,0.436063412748139
hsa-miR-5691,0.435383474082485
hsa-miR-556-3p,0.43497596486561
hsa-miR-218-1-3p,0.434197345324488
hsa-miR-196a-3p,0.433368387428979
hsa-miR-188-3p,0.433162120980184
hsa-miR-206,0.433086615263824
hsa-miR-6833-3p,0.431878606446269
hsa-miR-5588-5p,0.431307818702528
hsa-miR-4786-5p,0.430746151290553
hsa-miR-6125,0.430351343767365
hsa-miR-6845-3p,0.42960828164716
hsa-miR-6881-3p,0.429491933892488
hsa-miR-491-3p,0.429146658075932
hsa-miR-6815-3p,0.428250102296978
hsa-miR-383-5p,0.426406109387608
hsa-miR-4660,0.426375305042848
hsa-miR-3166,0.425910659257922
hsa-miR-449b-3p,0.425908378818729
hsa-miR-4685-3p,0.424721826165778
hsa-miR-34a-3p,0.424701090296991
hsa-miR-6761-5p,0.424441432780992
hsa-miR-3926,0.42406698695166
hsa-miR-2115-5p,0.424033006209141
hsa-miR-6718-5p,0.423626295993934
hsa-miR-6894-3p,0.422902253004745
hsa-miR-581,0.422726906999515
hsa-miR-497-3p,0.42255446734734
hsa-miR-2114-5p,0.421802578412637
hsa-miR-4326,0.421540328997367
hsa-miR-658,0.421013630776773
hsa-miR-1911-5p,0.420923735285154
hsa-miR-765,0.420866295219544
hsa-miR-4484,0.420862119253601
hsa-miR-1538,0.42056946919424
hsa-miR-6814-3p,0.420335474062419
hsa-miR-6847-5p,0.420045553627917
hsa-miR-6501-5p,0.42001637095185
hsa-miR-4473,0.419788887830604
hsa-miR-2115-3p,0.419785750395595
hsa-miR-890,0.419220294952654
hsa-miR-4677-5p,0.419087157356368
hsa-miR-1258,0.417941818463981
hsa-miR-3188,0.417315617139957
hsa-miR-6764-5p,0.416828754197906
hsa-miR-662,0.416717064654869
hsa-miR-1234-3p,0.415704090813865
hsa-miR-6762-3p,0.414163291585905
hsa-miR-6502-5p,0.414078052435268
hsa-miR-4638-5p,0.41257324965105
hsa-miR-6873-5p,0.412359891869035
hsa-miR-15a-3p,0.412169296707797
hsa-miR-570-3p,0.411041398441563
hsa-miR-937-5p,0.410432862084652
hsa-miR-3684,0.410009233514817
hsa-miR-4725-3p,0.409930175219042
hsa-miR-345-3p,0.409811967461206
hsa-miR-6720-5p,0.408688976572619
hsa-miR-4705,0.40853084638909
hsa-miR-610,0.40617221972134
hsa-miR-6885-3p,0.405312148442892
hsa-miR-6730-5p,0.404984181439012
hsa-miR-412-3p,0.403166947872235
hsa-miR-4640-5p,0.402465959968385
hsa-miR-3120-3p,0.401689749575159
hsa-miR-556-5p,0.401276655289646
hsa-miR-4756-3p,0.40051467675468
hsa-miR-3619-5p,0.400452953815867
hsa-miR-6850-5p,0.399782790612652
hsa-miR-3943,0.398744485995281
hsa-miR-4723-5p,0.397997974717027
hsa-miR-1298-5p,0.397284524100494
hsa-miR-4524a-3p,0.397199325935072
hsa-miR-586,0.397109027956925
hsa-miR-4479,0.396755313804169
hsa-miR-4446-3p,0.396606575801651
hsa-miR-6784-3p,0.396139119210496
hsa-miR-1193,0.395877487565008
hsa-miR-4800-3p,0.395175150977751
hsa-miR-100-3p,0.394861309130985
hsa-miR-208b-3p,0.394853117896739
hsa-miR-891a-3p,0.394598071608392
hsa-miR-548s,0.391707178816994
hsa-miR-4523,0.390313909720127
hsa-miR-676-5p,0.389337847051995
hsa-miR-2114-3p,0.386167501661457
hsa-miR-4423-3p,0.386127785380268
hsa-miR-4433b-5p,0.385865948743575
hsa-miR-6794-3p,0.385092891379472
hsa-miR-6721-5p,0.384624278822377
hsa-miR-4745-5p,0.384358865514052
hsa-miR-548aq-5p,0.382775801527348
hsa-miR-4755-3p,0.381742510588036
hsa-miR-548e-3p,0.380919090706255
hsa-miR-585-3p,0.38046325961245
hsa-miR-4665-5p,0.379681345267194
hsa-miR-5695,0.379638645241799
hsa-miR-6837-3p,0.379285039294794
hsa-miR-3912-3p,0.377372761258941
hsa-miR-1298-3p,0.376812838313703
hsa-miR-6748-5p,0.375584675724862
hsa-miR-4664-5p,0.375477896877356
hsa-miR-4442,0.373501198253786
hsa-miR-1908-3p,0.372968118275456
hsa-miR-6812-3p,0.3728345312752
hsa-miR-4742-5p,0.372002978547299
hsa-miR-3192-5p,0.370749506278621
hsa-miR-4684-5p,0.369877657894924
hsa-miR-653-3p,0.369151147157795
hsa-miR-4505,0.369147591273099
hsa-miR-5699-3p,0.368942101779068
hsa-miR-4286,0.367387757276045
hsa-miR-7156-5p,0.366612838666899
hsa-miR-6772-3p,0.364279547496328
hsa-miR-1236-5p,0.362936163557654
hsa-miR-6743-3p,0.362873989233495
hsa-miR-3183,0.362750886618563
hsa-miR-5008-3p,0.362657679658429
hsa-miR-6507-5p,0.36222301581413
hsa-miR-1537-3p,0.36183742205827
hsa-miR-4632-5p,0.361740106900236
hsa-miR-489-3p,0.361646071891451
hsa-miR-6737-3p,0.360166466991164
hsa-miR-6774-3p,0.35914980469709
hsa-miR-3617-3p,0.359106537765336
hsa-miR-4683,0.356966281051643
hsa-miR-6882-3p,0.356691651564917
hsa-let-7f-2-3p,0.354943860639775
hsa-miR-3681-5p,0.353658325700685
hsa-miR-6852-5p,0.35287517314136
hsa-miR-7112-3p,0.35130211020112
hsa-miR-219b-3p,0.349636981845715
hsa-miR-190a-3p,0.3490541841568
hsa-miR-3691-3p,0.348939340139551
hsa-miR-4433a-3p,0.34855574651202
hsa-miR-4763-5p,0.348224915831598
hsa-miR-5088-3p,0.347007634283995
hsa-miR-548o-3p,0.346983424430874
hsa-miR-675-5p,0.346915919873579
hsa-miR-5580-3p,0.346790736640947
hsa-miR-3678-5p,0.346607154654182
hsa-miR-548au-3p,0.346255314789837
hsa-miR-6501-3p,0.345999303396915
hsa-miR-371b-3p,0.345989091442805
hsa-miR-3177-5p,0.34558817311443
hsa-miR-4632-3p,0.345565437350947
hsa-miR-3171,0.345449033489234
hsa-miR-6750-3p,0.344732545925869
hsa-miR-7155-5p,0.344666894157962
hsa-miR-6842-5p,0.344581241276943
hsa-miR-371b-5p,0.343770901552028
hsa-miR-1284,0.343743445710797
hsa-miR-4691-3p,0.34346187631132
hsa-miR-3913-3p,0.343405840316464
hsa-miR-6726-3p,0.343215175182311
hsa-miR-3150a-5p,0.343141031636908
hsa-miR-6781-3p,0.343102741204947
hsa-miR-3911,0.342882620178873
hsa-miR-3929,0.342559267318912
hsa-miR-5706,0.342463992396152
hsa-miR-548k,0.341920181119294
hsa-miR-499a-3p,0.341536470811769
hsa-miR-449a,0.341505992219299
hsa-miR-545-5p,0.340856753268072
hsa-miR-5704,0.340776770803529
hsa-miR-632,0.340181478129677
hsa-miR-5571-5p,0.339649447616044
hsa-miR-4699-3p,0.339137634563616
hsa-miR-6875-3p,0.338059720982222
hsa-miR-3620-5p,0.336930453390935
hsa-miR-4675,0.335815896304582
hsa-miR-6853-3p,0.33555028523569
hsa-miR-5088-5p,0.335081525674644
hsa-miR-6837-5p,0.334782972907769
hsa-miR-4701-5p,0.334339870691797
hsa-miR-597-3p,0.334212063625529
hsa-miR-876-5p,0.332971154822587
hsa-miR-218-2-3p,0.332933963983872
hsa-miR-6782-3p,0.331723279791921
hsa-miR-5581-3p,0.330859676167005
hsa-miR-6769a-3p,0.330715099845775
hsa-miR-6746-3p,0.330356938858874
hsa-miR-3146,0.33033629043695
hsa-miR-7978,0.329177935020969
hsa-miR-6757-5p,0.328850733350548
hsa-miR-6895-3p,0.328735038123684
hsa-miR-4435,0.328718634878641
hsa-miR-6880-3p,0.32845530869935
hsa-miR-4511,0.328006562343348
hsa-miR-6514-3p,0.327757749814407
hsa-miR-383-3p,0.327049236691962
hsa-miR-6884-3p,0.326582371055622
hsa-miR-6804-5p,0.326542806465926
hsa-miR-4777-3p,0.326456252323855
hsa-miR-6800-3p,0.326125838655815
hsa-miR-6766-3p,0.325464694646729
hsa-miR-5680,0.325052153640838
hsa-miR-4714-3p,0.324896910216969
hsa-miR-4788,0.324615775838002
hsa-miR-3616-3p,0.324509670625569
hsa-miR-7976,0.323979898252206
hsa-miR-19a-5p,0.323729689738483
hsa-miR-4804-3p,0.323175812541295
hsa-miR-1237-3p,0.322112082572919
hsa-miR-6807-5p,0.322078781814509
hsa-miR-449c-3p,0.322024563377292
hsa-miR-4674,0.321736084680899
hsa-miR-585-5p,0.321660276401927
hsa-miR-3191-3p,0.321656405047808
hsa-miR-3618,0.321132085939786
hsa-miR-5703,0.320847664233221
hsa-miR-3619-3p,0.320481278015664
hsa-miR-670-5p,0.320421284515512
hsa-miR-2278,0.320298413744641
hsa-miR-4776-5p,0.320171551940134
hsa-miR-3152-5p,0.319998840012275
hsa-miR-6793-5p,0.319675427873464
hsa-miR-3176,0.319561329139036
hsa-miR-4796-5p,0.319422980832252
hsa-miR-615-5p,0.319370258873438
hsa-miR-4518,0.317955777159461
hsa-miR-6734-3p,0.317608026833913
hsa-miR-4517,0.31673612669347
hsa-miR-1181,0.316298270529983
hsa-miR-3129-3p,0.315809982654422
hsa-miR-5193,0.315438062822422
hsa-miR-548a-5p,0.314802521702711
hsa-miR-4667-5p,0.313483901232549
hsa-miR-449c-5p,0.312906071063356
hsa-miR-643,0.312429545380206
hsa-miR-6771-5p,0.311772588037374
hsa-miR-6794-5p,0.311116414027247
hsa-miR-1288-3p,0.310918484297511
hsa-miR-3655,0.310221622656611
hsa-miR-3144-3p,0.309991815570376
hsa-miR-3664-3p,0.309967900944498
hsa-miR-802,0.309763676675392
hsa-miR-489-5p,0.309685025900318
hsa-miR-6789-3p,0.307994252073979
hsa-miR-550b-2-5p,0.307096911158661
hsa-miR-5001-3p,0.306241066783777
hsa-miR-933,0.305096205008043
hsa-miR-4784,0.302581694882569
hsa-miR-4999-5p,0.302376827318608
hsa-miR-1910-3p,0.302370199761945
hsa-miR-6730-3p,0.300829739444284
hsa-miR-4999-3p,0.300284361415847
hsa-miR-4740-5p,0.300250510744806
hsa-miR-3158-3p,0.300147233818888
